﻿<?xml version="1.0" encoding="utf-8"?>
<PSTexts Version="1.0">
  <Alphabet>ABCDEFGHІJKLMNOPQRSTUVWXYZabcdefghіjklmnopqrstuvwxyz0123456789~`!@#$%^&amp;*()-_=+[{]};:'",&lt;.&gt;/?¡¢£¥§©®¿ÀÁÂÃÄÅÆÇÈÉÊËÌÍIЇÐÑÒÓÔÕÖØÙÚÛÜÝŸßàáâãäåæçèéêëìíiїðñòóôõöøùúûüýÿŒœº\АБВГДЕЁЖЗИЙКЛМНОПРСТУФХЦЧШЩЪыЬЄЮЯабвгдеёжзийклмнопрстуфхцчшщъыьєюя</Alphabet>
  <Texts Lang="EN" Count="686">
    <Text ID="TITLE">Door Kіckers: Actіon Squad</Text>
    <Text ID="VERSION_NUMBER">empty</Text>
    <Text ID="MSGBOX">empty</Text>
    <Text ID="TEMP1">empty</Text>
    <Text ID="TEMP2">empty</Text>
    <Text ID="TEMP3">empty</Text>
    <Text ID="TEMP4">empty</Text>
    <Text ID="TEMP5">empty</Text>
    <Text ID="TEMP6">empty</Text>
    <Text ID="TEMP7">empty</Text>
    <Text ID="TEMP8">empty</Text>
    <Text ID="TEMP9">empty</Text>
    <Text ID="TEMP10">empty</Text>
    <Text ID="TEMP11">empty</Text>
    <Text ID="TEMP12">empty</Text>
    <Text ID="TEMP13">empty</Text>
    <Text ID="TEMP14">empty</Text>
    <Text ID="TEMP15">empty</Text>
    <Text ID="PLAYER_CLASS_ASSAULTER">Штурмовик</Text>
    <Text ID="PLAYER_CLASS_BREACHER">Breacher</Text>
    <Text ID="PLAYER_CLASS_SHIELD">Щитовик</Text>
    <Text ID="PLAYER_CLASS_FBI_AGENT">Агент Фергі</Text>
    <Text ID="PLAYER_CLASS_RECON">Розвідник</Text>
    <Text ID="PLAYER_CLASS_OFFDUTYGUY">Чувак не на службі</Text>
    <Text ID="CLASS_ASSAULTER_DESC">Стабільна вогнева міць і точність стрільби на великі відстані; Слідкуйте за віддачею.</Text>
    <Text ID="CLASS_BREACHER_DESC">Невибірковий вогонь на близьку відстань; Може підривати двері.</Text>
    <Text ID="CLASS_SHIELD_DESC">Захищає себе спереду від вистрілів та вибухів; Вразливий в ближньому бою.</Text>
    <Text ID="CLASS_FBI_AGENT_DESC">Сильний ближній бій та стволи; Може виконувати перекид для уникнення шкоди. Слідкуйте за віддачею.</Text>
    <Text ID="CLASS_RECON_DESC">Тихий та швидкий; Підсвічує ворогів та посилює шкоду команди.</Text>
    <Text ID="CLASS_OFFDUTYGUY_DESC">Мішанина з недоїдків, крутого мисливського спорядження та сварливих одностроїв.</Text>
    <Text ID="LOADING">Завантаження...</Text>
    <Text ID="MAIN_MENU">Головне меню</Text>
    <Text ID="DIFFICULTY_COLON">Складність:</Text>
    <Text ID="EASY">Легка</Text>
    <Text ID="MEDIUM">Середня</Text>
    <Text ID="HARD">Важка</Text>
    <Text ID="LEADERBOARDS">Таблиця лідерів</Text>
    <Text ID="COOP">Онлайн кооператив</Text>
    <Text ID="LOCAL_GAME">Локальна гра</Text>
    <Text ID="QUICK_MATCH">Швидкий матч</Text>
    <Text ID="HOST_PUBLIC">Створити публічну</Text>
    <Text ID="HOST_PRIVATE">Створити приватну</Text>
    <Text ID="WAITING_PEER">Очікування гравця...</Text>
    <Text ID="CONNECTING_PEER_X">Гравець знайдений! Під'єднання...
{%1}</Text>
    <Text ID="CONNECTION_MSG">empty</Text>
    <Text ID="PLAY">Грати</Text>
    <Text ID="ENTER_TO_CHAT">Натисніть ENTER для чату</Text>
    <Text ID="SEND_FEEDBACK">Надіслати відгук</Text>
    <Text ID="OPTIONS">Налаштування</Text>
    <Text ID="MORE_OPTIONS">Більше налаштувань</Text>
    <Text ID="GFX_OPTIONS">Налаштування графіки</Text>
    <Text ID="RESET_PROGRESS">Скинути прогрес</Text>
    <Text ID="RESET_PROGRESS_SURE">Ви впевнені, що хочете скинути прогрес? Ваші локальні збереження будуть видалені, і ви почнете з нуля!</Text>
    <Text ID="SCREEN_SHAKE">Трясіння екрану</Text>
    <Text ID="GORE_ENABLED">Різанина</Text>
    <Text ID="ANTIALIAS_OPTION">Згладжування</Text>
    <Text ID="SELECT_MODE">Вибрати режим</Text>
    <Text ID="ANTIALIAS_JOKE1">MSAA
CSAA
CFAA
FXAA
MLAA
SMAA
TXAA
MFAA
SSAA</Text>
    <Text ID="SELECT_DETAIL_LEVEL">Виберіть рівень деталізації</Text>
    <Text ID="ANTIALIAS_JOKE2">1x
2x
4x
8x
16x
32x
64x</Text>
    <Text ID="ANTIALIAS_JOKE3">Чесно, це нічого не робить.</Text>
    <Text ID="ANTIALIAS_JOKE4">Добре, добре. Дивись, це був жарт.</Text>
    <Text ID="ANTIALIAS_JOKE5">Боже, зрозумій натяк!</Text>
    <Text ID="HIGH">Висока</Text>
    <Text ID="ULTRA">Ультра</Text>
    <Text ID="JOKEA">HDR</Text>
    <Text ID="JOKEB">XHDR</Text>
    <Text ID="CONTINUE">Продовжити</Text>
    <Text ID="PRESS_CONTINUE">Натисніть будь-яку клавішу, щоб продовжити</Text>
    <Text ID="LOSE_PROGRESS">Правда вийти?
Прогрес на поточному рівні буде втрачений!</Text>
    <Text ID="LOSE_PROGRESS_NET">Вийти з гри та повернутися до головного меню?
Всі гравці будуть від'єднані та прогрес буде втрачений!</Text>
    <Text ID="QUIT_GAME">Ви впевнені, що хочете вийти?</Text>
    <Text ID="QUIT_LEVEL_NET">Покинути мережеву гру?</Text>
    <Text ID="QUIT_LEVEL">Покинути рівень?</Text>
    <Text ID="NETWORK_ERROR_GENERIC">Інший гравець щойно вийшов з мережі або виникли проблеми з налаштуваннями вашого інтернету.</Text>
    <Text ID="NETWORK_ERROR_WRONG_VERSION">У вас та іншого гравця різні версії цієї гри! Будь ласка, оновіться!</Text>
    <Text ID="NETWORK_ERROR_PLAYER_LEFT">Інший гравець покинув гру.</Text>
    <Text ID="NETWORK_HOST_NAME">empty</Text>
    <Text ID="NETWORK_PEER_NAME">empty</Text>
    <Text ID="QUIT_GENERIC">Ви впевнені, що хочете вийти?</Text>
    <Text ID="LEVEL_N_FINISHED">Рівень {%1} завершено!</Text>
    <Text ID="HIGHSCORES">Highscores</Text>
    <Text ID="QUIT">Вийти</Text>
    <Text ID="EXIT">Вийти</Text>
    <Text ID="NEXT_MISSION">Наступна місія</Text>
    <Text ID="CREDITS">Титри</Text>
    <Text ID="EXIT_GAME">Вийти з гри?</Text>
    <Text ID="SOUND_VOL">Гучність звуків</Text>
    <Text ID="BACK">Назад</Text>
    <Text ID="OOPS">Уупс!</Text>
    <Text ID="AVAILABLE">Доступно</Text>
    <Text ID="NOT_AVAILABLE">N/A</Text>
    <Text ID="BORDERLESS_WND">У вікні без рамок</Text>
    <Text ID="FULLSCREEN">На весь екран</Text>
    <Text ID="COOP_ONLINE">Кооп / Онлайн</Text>
    <Text ID="SINGLE_PLAYER">Гра наодинці</Text>
    <Text ID="OK">OK</Text>
    <Text ID="COMMIT">Прийняти</Text>
    <Text ID="ACCEPT">Прийняти</Text>
    <Text ID="CLOSE">Закрити</Text>
    <Text ID="DONE">Готово</Text>
    <Text ID="SELECT">Вибрати</Text>
    <Text ID="SELECT_ABILITY">Виберіть здібність</Text>
    <Text ID="APPLY">Прийняти</Text>
    <Text ID="CANCEL">Відмінити</Text>
    <Text ID="RESET">Скинути</Text>
    <Text ID="SET_DEFAULT">До початкових</Text>
    <Text ID="SET_DEFAULT_KEYS_SURE">Ви впевнені, що хочете відновити конфігурацію клавіатури за замовчуванням?</Text>
    <Text ID="MUSIC_VOL">Гучність музики</Text>
    <Text ID="NEW">Нове</Text>
    <Text ID="DELETE">Видалити</Text>
    <Text ID="START">Почати</Text>
    <Text ID="RESOLUTIONS_LIST">640x480
800x600
1024x768
1280x1024
1600x1200</Text>
    <Text ID="RESOLUTION">Роздільна здатність</Text>
    <Text ID="RESTART">Перезапустити</Text>
    <Text ID="LANGUAGE">Мова</Text>
    <Text ID="RESTART_LEVEL">Перезапустити рівень</Text>
    <Text ID="MAX_LEVEL">Макс. рівень</Text>
    <Text ID="PAUSED">Призупинено</Text>
    <Text ID="SAVE">Зберегти та вийти</Text>
    <Text ID="RESUME">Продовжити</Text>
    <Text ID="BOMB_DEFUSED">Бомбу знешкоджено!</Text>
    <Text ID="YOU_DIED">Ви померли!</Text>
    <Text ID="WARNING">Увага</Text>
    <Text ID="LOCKED">Заблоковано</Text>
    <Text ID="KEYCARD_NEEDED">Необхідна картка-ключ</Text>
    <Text ID="PLAYER1">Гравець 1</Text>
    <Text ID="PLAYER2">Гравець 2</Text>
    <Text ID="KEYBOARD1">Клавіатура 1</Text>
    <Text ID="KEYBOARD2">Клавіатура 2</Text>
    <Text ID="NETWORK1">Мережа</Text>
    <Text ID="SYS_CONTROLLER_ADDED">Контроллер під'єднано!</Text>
    <Text ID="SYS_CONTROLLER_REMOVED">Контроллер від'єднано!</Text>
    <Text ID="PRESS_FIRE_TO_JOIN">Натисніть ВИСТРІЛ, щоб доєднатися!</Text>
    <Text ID="RESPAWNING_IN_N">Відродження за {%1}</Text>
    <Text ID="FIRE_TO_RESPAWN">Натисніть "вистріл", щоб відродитися</Text>
    <Text ID="PLAYER_N">Гравець {%1}</Text>
    <Text ID="PRIMARY_WEAPON">Головна зброя</Text>
    <Text ID="SECONDARY_WEAPON">Другорядна зброя</Text>
    <Text ID="FULL_HEALTH">Здоров'я повне!</Text>
    <Text ID="FULL_AMMO">Набої повні!</Text>
    <Text ID="INTERACT">Взаємодіяти</Text>
    <Text ID="OBJECTIVE_FAILED">Ціль провалено</Text>
    <Text ID="TARGET_ARRESTED">Головна ціль заарештована</Text>
    <Text ID="TARGET_KILLED">Головна ціль вбита</Text>
    <Text ID="LEADERBOARDS_NAMES_VAL">...</Text>
    <Text ID="LEADERBOARDS_SCORES_VAL">...</Text>
    <Text ID="MELEE_LEADERBOARDS">Ближній бій = Таблиці лідерів</Text>
    <Text ID="MOVE">Рухати</Text>
    <Text ID="POWER_NEEDED">Потрібна енергія.</Text>
    <Text ID="BREACH_RELOAD">Перезаряджання</Text>
    <Text ID="BREACH_RECOIL">Віддача</Text>
    <Text ID="SHIELD_HANDGUN">Пістолет</Text>
    <Text ID="SHIELD_SHIELD">Використання щита</Text>
    <Text ID="FERGIE_HANDGUN">Пістолет</Text>
    <Text ID="FERGIE_MELEE">Ближній бій</Text>
    <Text ID="FERGIE_BUREAUCRACY">Бюро-кратія</Text>
    <Text ID="RECON">Розвідник</Text>
    <Text ID="TAP">натиснути</Text>
    <Text ID="HOLD">утримувати</Text>
    <Text ID="SECRETS_COLLECTED_NN">Секрети зібрано {%1} / {%2}</Text>
    <Text ID="SECRETS_COLLECTED_VAL">...</Text>
    <Text ID="GEAR">Спорядження</Text>
    <Text ID="SKILLS">Здібності</Text>
    <Text ID="ULTIMATE">Ультимативне</Text>
    <Text ID="READY">Готовий!</Text>
    <Text ID="NONE">None</Text>
    <Text ID="PRICE">Ціна</Text>
    <Text ID="STARS">Зірки</Text>
    <Text ID="CRITICAL_HIT">Критичний!</Text>
    <Text ID="CRIPPLED">Crіppled!</Text>
    <Text ID="TOTAL_STARS">Всього зірок</Text>
    <Text ID="TOTAL_STARS_VAL">empty</Text>
    <Text ID="PEER_STARS_VAL">empty</Text>
    <Text ID="SELECTED_PERK_DESC_VAL">empty</Text>
    <Text ID="CONFIRM">Підтвердити</Text>
    <Text ID="UNLOCK">Відкрити</Text>
    <Text ID="UNUSED_POINTS">Очки</Text>
    <Text ID="UNUSED_POINTS_VAL">-1</Text>
    <Text ID="COMING_SOON">Скоро буде</Text>
    <Text ID="COMPLETE_N_TO_UNLOCK_N">Виконайте {%1} місій, щоб розблокувати ({%2} / {%3})</Text>
    <Text ID="MISSIONS_COMPLETED_N">Місій виконано: {%1}/{%2}</Text>
    <Text ID="CURRENT_MISSION_VAL">empty</Text>
    <Text ID="UNLOCK_ITEM">Відкрити предмет</Text>
    <Text ID="NOT_ENOUGH_STARS">Недостатньо зірок!
Виконайте більше місій, щоб отримати більше зірок</Text>
    <Text ID="CANT_ACTIVATE_HERE">Неможливо активувати тут!</Text>
    <Text ID="STRATEGIC1">Body Armor</Text>
    <Text ID="STRATEGIC2">Gear Refіll</Text>
    <Text ID="STRATEGIC3">Аптечка</Text>
    <Text ID="STRATEGIC4">Відродити гравця</Text>
    <Text ID="STRATEGIC5">Додаткове життя</Text>
    <Text ID="ACCURACY">Точність</Text>
    <Text ID="RESISTANCE">Resіstance</Text>
    <Text ID="RELOAD_TIME">Час перезаряджання</Text>
    <Text ID="RELOAD">Перезаряджання</Text>
    <Text ID="DAMAGE">Шкода</Text>
    <Text ID="RECOIL">Віддача</Text>
    <Text ID="SPREAD">Розкид</Text>
    <Text ID="APDAMAGE">Шкода AP</Text>
    <Text ID="ROF">Швидкість</Text>
    <Text ID="AMMO">Набої</Text>
    <Text ID="ARMOR">Броня</Text>
    <Text ID="KILLS">Вбивства</Text>
    <Text ID="LOGISTICS">Логістика</Text>
    <Text ID="PHYSICAL">Фізичне</Text>
    <Text ID="TACTICS">Тактика</Text>
    <Text ID="PERKS">Переваги</Text>
    <Text ID="DEATHS">Смертей</Text>
    <Text ID="TEAM_UPC">КОМАНДА</Text>
    <Text ID="CLASS_UPC">КЛАС</Text>
    <Text ID="HOSTAGES_SAVED">Заручника врятовано</Text>
    <Text ID="HOSTAGES_SAVED_TOTAL">Заручників врятовано</Text>
    <Text ID="TIME_SPENT">Часу витрачено</Text>
    <Text ID="TOTAL_SCORE">Очки місії</Text>
    <Text ID="SWAT_CASUALTIES">Втрати SWAT</Text>
    <Text ID="GUNPLAY">Gunplay</Text>
    <Text ID="WPN_SMG_MP5A3">Пістолет-кулемет Mp5A3</Text>
    <Text ID="WPN_SMG_UMP45">Пістолет-кулемет UMP45</Text>
    <Text ID="WPN_CARBINE_M4A1">Карабін M4A1</Text>
    <Text ID="WPN_CARBINE_MCX300">Карабін MCX300</Text>
    <Text ID="WPN_SMG_P90">P90 PDW</Text>
    <Text ID="WPN_SHOTGUN_M590">Помповий дробовик</Text>
    <Text ID="WPN_SHOTGUN_JCOMBAT">Напівавтоматичний дробовик</Text>
    <Text ID="WPN_SHOTGUN_S12K">Тактичний дробовик S12K</Text>
    <Text ID="WPN_SHOTGUN_KSG">Дробовик KSG Twіn</Text>
    <Text ID="WPN_SHOTGUN_HK512">Дробовик HK512</Text>
    <Text ID="WPN_SHOTGUN_M870">Зачисник кімнат M870</Text>
    <Text ID="WPN_PISTOL_G17">Пістолет G17</Text>
    <Text ID="WPN_PISTOL_MP40">Пістолет M&amp;P .40</Text>
    <Text ID="WPN_PISTOL_1911">Пістолет 1911</Text>
    <Text ID="WPN_PISTOL_G19M">Пістолет G19M</Text>
    <Text ID="WPN_PISTOL_FIVESEVEN">Пістолет F7AP</Text>
    <Text ID="WPN_PISTOL_P226">Пістолет P226</Text>
    <Text ID="WPN_PISTOL_MODEL1076">Пістолет M1076</Text>
    <Text ID="WPN_SHIELD_TACTICAL">Тактичний щит</Text>
    <Text ID="WPN_SHIELD_ASSAULT">Штурмовий щит</Text>
    <Text ID="WPN_SHIELD_IRONMAN">Щит проти гвинтівок</Text>
    <Text ID="WPN_SMG_UZI">Пістолет-кулемет UZІ</Text>
    <Text ID="WPN_SMG_MP9SD">MP9 з глушителем</Text>
    <Text ID="WPN_SMG_MP7">MP7 PDW</Text>
    <Text ID="WPN_SMG_MP7SD">MP7 з глушителем</Text>
    <Text ID="WPN_SMG_CBJ">Пістолет-кулемет CBJ-65</Text>
    <Text ID="WPN_SMG_MP5SD">MP5 з глушителем</Text>
    <Text ID="GEAR_EMPTY_DESC">Просто пустий слот. Хіба він не виглядає корисним, га?</Text>
    <Text ID="GEAR_EMPTY_BOTTOM">-</Text>
    <Text ID="EQUIP_NOEQUIPMENT">Без спорядження</Text>
    <Text ID="EQUIP_SPEED_POUCHES">Швидкісні підсумки</Text>
    <Text ID="EQUIP_BODY_ARMOR">Бронежилет</Text>
    <Text ID="EQUIP_ADRENALINE_SHOT">Укол адреналіну</Text>
    <Text ID="EQUIP_EXTRA_GEAR">Extra Gear</Text>
    <Text ID="EQUIP_BETTER_ARMOR">Покращена броня</Text>
    <Text ID="EQUIP_ANTISTAB_ARMOR">Протиударна броня</Text>
    <Text ID="EQUIP_RECON_ARMOR">Рейдерська броня</Text>
    <Text ID="EQUIP_SPEED_POUCHES_RIGHT">-30% Часу перезаряджання</Text>
    <Text ID="EQUIP_BODY_ARMOR_RIGHT">+75 Броні
- Не блокує шкоду від гвинтівок</Text>
    <Text ID="EQUIP_ADRENALINE_SHOT_RIGHT">+1 Відродження</Text>
    <Text ID="EQUIP_EXTRA_GEAR_RIGHT">+1 Заряд спорядження на початку місії</Text>
    <Text ID="EQUIP_BETTER_ARMOR_RIGHT">+75 Броні
- 15 Швидкості</Text>
    <Text ID="EQUIP_ANTISTAB_ARMOR_RIGHT">+95 Броні для ближнього бою</Text>
    <Text ID="EQUIP_RECON_ARMOR_RIGHT">+75 Броні (Тільки спереду)
- Без захисту ззаду</Text>
    <Text ID="EQUIP_SPEED_POUCHES_BOTTOM">Скорочує час перезаряджання</Text>
    <Text ID="EQUIP_BODY_ARMOR_BOTTOM">Починаєте з броньою</Text>
    <Text ID="EQUIP_ADRENALINE_SHOT_BOTTOM">Починаєте з додатковим відродженням</Text>
    <Text ID="EQUIP_EXTRA_GEAR_BOTTOM">Додатковий заряд спорядження</Text>
    <Text ID="EQUIP_BETTER_ARMOR_BOTTOM">Блокує шкоду від гвинтівок</Text>
    <Text ID="EQUIP_ANTISTAB_ARMOR_BOTTOM">Тільки для ближнього бою</Text>
    <Text ID="EQUIP_RECON_ARMOR_BOTTOM">Блокує шкоду від гвинтівок</Text>
    <Text ID="GEAR_NOGEAR">Без спорядження</Text>
    <Text ID="GEAR_GRENADE">Осколкова граната</Text>
    <Text ID="GEAR_FLASHBANG">Світло-шумова граната</Text>
    <Text ID="GEAR_BREACHING_CHARGE">Пробивний заряд</Text>
    <Text ID="GEAR_SPEED_LOADER">Speed Loader</Text>
    <Text ID="GEAR_SMOKE_GRENADE">Димова граната</Text>
    <Text ID="GEAR_MAG_READY">Запасний магазин</Text>
    <Text ID="GEAR_CAM_BALL">Кулькова камера</Text>
    <Text ID="GEAR_SPY_CAMERA">Шпигунська камера</Text>
    <Text ID="GEAR_GRENADE_DESC">- Вбиває без розбору
- Я думав, що ми з поліції?!</Text>
    <Text ID="GEAR_FLASHBANG_DESC">- Засліплює і приголомшує ворогів
- Може підпалити все, буквально</Text>
    <Text ID="GEAR_BREACHING_CHARGE_DESC">- Прилипає до поверхонь
- Підриває двері і людей</Text>
    <Text ID="GEAR_SPEED_LOADER_DESC">Моментально заряджає 4 набої</Text>
    <Text ID="GEAR_SMOKE_GRENADE_DESC">- Багато диму, в якому можна сховатися
- Відриває LOS від ворогів</Text>
    <Text ID="GEAR_MAG_READY_DESC">Моментально перезаряджає вашу зброю</Text>
    <Text ID="GEAR_CAM_BALL_DESC">- Підсвічує найближчих ворогів
- Додаткова шкода по цілям</Text>
    <Text ID="GEAR_SPY_CAMERA_DESC">- Зазирнути за зачинені двері
- Отримайте додаткову шкоду по цілям</Text>
    <Text ID="SPECIAL_AIMED_SHOT">Прицільний вистріл</Text>
    <Text ID="SPECIAL_SLUG_FIRE">Slug Fire</Text>
    <Text ID="SPECIAL_SHIELD_FLASH">Сліпучий спалах</Text>
    <Text ID="SPECIAL_SHIELD_BASH">Удар щитом</Text>
    <Text ID="SPECIAL_TWO_MAGAZINES">Зміна набоїв</Text>
    <Text ID="SPECIAL_FIRE_MODE_CHANGE">Зміна режиму стрільби</Text>
    <Text ID="SPECIAL_DOUBLE_TAP">Одиночний</Text>
    <Text ID="SPECIAL_RECON_BURST">Швидкісний вогонь</Text>
    <Text ID="SPECPASS_ARMOR_PIERCING">Бронебійні</Text>
    <Text ID="SPECPASS_SEMI_AUTO">Напівавтомат</Text>
    <Text ID="SPECPASS_RESIST_RIFLE">Resist Rifle Fire</Text>
    <Text ID="ULTIMATE_SNIPER_SUPPORT">Снайперська підтримка</Text>
    <Text ID="ULTIMATE_DRAGON_BREATH">Подих дракона</Text>
    <Text ID="ULTIMATE_SUBMACHINEGUN">Пістолет-кулемет Штурмовика</Text>
    <Text ID="ULTIMATE_SAW">Пила</Text>
    <Text ID="ULTIMATE_AKIMBO">Пістолети Акімбо</Text>
    <Text ID="ULTIMATE_MP5K">MP5K SMG</Text>
    <Text ID="ULTIMATE_MK48MOD1">Легкий кулемет</Text>
    <Text ID="ULTIMATE_RECON_MARKSMAN">Снайперська гвинтівка</Text>
    <Text ID="ULTIMATE_SNIPER_SUPPORT_DESC">Call in Snipers to wipe out 3 enemies visible on the screen.</Text>
    <Text ID="ULTIMATE_DRAGON_BREATH_DESC">Bring out a Protecta shotgun loaded with incendiary ammo.</Text>
    <Text ID="ULTIMATE_SUBMACHINEGUN_DESC">Bring your own 9mm Machine- pistol for those special days.</Text>
    <Text ID="ULTIMATE_SAW_DESC">Cut through any door in the game and the fools standing behind it.</Text>
    <Text ID="ULTIMATE_AKIMBO_DESC">Two guns, 16 rounds of .40 each, two very cool firing modes.</Text>
    <Text ID="ULTIMATE_MP5K_DESC">Deploy the Kurz for extra damage at short to medium range.</Text>
    <Text ID="ULTIMATE_MK48MOD1_DESC">A Mk46 LMG, 50 rounds of ammo, and the ticket to use them.</Text>
    <Text ID="ULTIMATE_RECON_MARKSMAN_DESC">Allows you to select and snipe a target from a crowd.</Text>
    <Text ID="MISSION_ACCOMPLISHED">Місія виконана</Text>
    <Text ID="MISSION_FAILED">Місія провалена</Text>
    <Text ID="HOSTAGES_KILLED">Всі заручники мертві!</Text>
    <Text ID="TEAM_KILLED">Команда S.W.A.T. знищена!</Text>
    <Text ID="BOMB_EXPLODED">Бомба вибухнула!</Text>
    <Text ID="MISSION0">Земля банди</Text>
    <Text ID="MISSION1">Радикали</Text>
    <Text ID="MISSION2">Red Alert</Text>
    <Text ID="MISSION3">Велике яблуко</Text>
    <Text ID="MISSION4">Територія кортелю</Text>
    <Text ID="MISSION5">Випробування ч.1</Text>
    <Text ID="MISSION6">King of the Slums</Text>
    <Text ID="MISSION7">Professionals Abroad</Text>
    <Text ID="MISSION8">-</Text>
    <Text ID="MISSION9">-</Text>
    <Text ID="MISSION_TIME">empty</Text>
    <Text ID="MISSION_SCORE">empty</Text>
    <Text ID="MISSION_CASUALTIES">empty</Text>
    <Text ID="MISSION_HOSTAGES">empty</Text>
    <Text ID="MISSION_P1_KILLS">empty</Text>
    <Text ID="MISSION_P1_ACCURACY">empty</Text>
    <Text ID="MISSION_P1_HOSTAGES">empty</Text>
    <Text ID="MISSION_P1_DEATHS">empty</Text>
    <Text ID="MISSION_P2_KILLS">empty</Text>
    <Text ID="MISSION_P2_ACCURACY">empty</Text>
    <Text ID="MISSION_P2_HOSTAGES">empty</Text>
    <Text ID="MISSION_P2_DEATHS">empty</Text>
    <Text ID="CHAPTER_N">Розділ {%1}</Text>
    <Text ID="SELECT_EPISODE">Виберіть епізод</Text>
    <Text ID="SELECT_MISSION">Виберіть місію</Text>
    <Text ID="MISSION_TYPE1">Зачистка</Text>
    <Text ID="MISSION_TYPE2">Спасіння заручників</Text>
    <Text ID="MISSION_TYPE3">Знешкодження бомби</Text>
    <Text ID="MISSION_TYPE4">Ордер на арешт</Text>
    <Text ID="GRAPHICS">Графіка</Text>
    <Text ID="PROGRAMMING">Код</Text>
    <Text ID="MUSIC_SFX">Музика та звукові ефекти</Text>
    <Text ID="LEVEL_DESIGN">Дизайн рівнів</Text>
    <Text ID="GAME_DESIGN">Дизайн гри</Text>
    <Text ID="CREDITS_GFX">Іulіan Bogacіev
Adrіan Cruceanu
Elіas Frost
Chrіstіan Nordgren
@pіxeldoshі
JPtom</Text>
    <Text ID="CREDITS_DESIGN">Dan Dіmіtrescu</Text>
    <Text ID="CREDITS_SOUNDS">Gavіn Harrіson
George Vlad</Text>
    <Text ID="ADDITIONAL_WORK">Мережеве програмування та маркетинг</Text>
    <Text ID="CREDITS_ADDITIONAL">Mіhaі Gosa
Catalіn Saіtan</Text>
    <Text ID="CREDITS_LEVEL_DESIGN">Adrіan Maraloіu
Mіhaі Raіcіu
Tavі Petre
Haru Morіtaka</Text>
    <Text ID="CREDITS_PROGRAMMING">Mіhaі Dragomіr</Text>
    <Text ID="KEY_COMMANDS">Вліво
Вправо
Вверх / Взаємодія
Вниз / Присісти
Стрибок
Вистріл
Альтернативний вистріл
Перезарядка
Використати спорядження
Ближній бій
Стратегічна здібність</Text>
    <Text ID="KEY_LEFT">Вліво</Text>
    <Text ID="KEY_RIGHT">Вправо</Text>
    <Text ID="KEY_UP">Вверх / Взаємодія</Text>
    <Text ID="KEY_DOWN">Вниз / Присісти</Text>
    <Text ID="KEY_JUMP">Стрибок</Text>
    <Text ID="KEY_FIRE">Вистріл</Text>
    <Text ID="KEY_ALT_FIRE">Альтернативний вистріл</Text>
    <Text ID="KEY_RELOAD">Перезарядка</Text>
    <Text ID="KEY_USE_GEAR">Використати спорядження</Text>
    <Text ID="KEY_MELEE">Ближній бій</Text>
    <Text ID="KEY_STRATEGIC_ABILITY">Стратегічна здібність</Text>
    <Text ID="KEYS1_VAL">Keyboard1 keys</Text>
    <Text ID="KEYS2_VAL">Keyboard2 keys</Text>
    <Text ID="CONTROLLER_LAYOUT">Розкладка контроллера</Text>
    <Text ID="KEYBOARD_LAYOUT">Розкладка клавіатури</Text>
    <Text ID="KEY_DEFINE">Виберіть клавішу для</Text>
    <Text ID="KEY_INVALID">Невірна клавіша! Будь ласка, виберіть іншу.</Text>
    <Text ID="REDEFINE_KEYS">Перепризначення клавіш</Text>
    <Text ID="INFO_KEY_MAP">F1 - показати ігрові підсказки
Alt+F1 - показати/приховати це вікно</Text>
    <Text ID="TUTORIAL_ARREST_TEXT">Знайдіть Великого Бенні і приведіть його сюди.
Живим!</Text>
    <Text ID="TUTORIAL_BOMB_TEXT">У цьому місці закладено бомбу.
Знайдіть її та знешкодьте - час спливає!</Text>
    <Text ID="TUTORIAL_HOSTAGE_TEXT">Врятуйте заручників, щоб заробити стратегічні бали.
Не вбивайте їх, інакше втратите здоров'я!</Text>
    <Text ID="TUTORIAL_XPPOINTS_TEAM_REMOVE">Ти не можеш видалити очки зі стовпчиків покращення команди, якщо вони вже віддані.</Text>
    <Text ID="TUTORIAL_XPPOINTS_TEAM_ADD">Обирай з розумом! Очки покращення, використані на планках команди, не можуть бути видалені після того, як вони були витрачені.</Text>
    <Text ID="TUTORIAL_INTERFACE_STRATEGIC">Call in Strategic Abilities!</Text>
    <Text ID="TUTORIAL_INTERFACE_MAIN1">Не забувайте також використовувати ваш альтернативний вистріл!
Забули призначення клавіш? Просто натисніть F1 або Alt+F1.
Спробуй зараз!</Text>
    <Text ID="LEVELNAME0">Slow Starters</Text>
    <Text ID="LEVELNAME1">Knock Knock Knock</Text>
    <Text ID="LEVELNAME2">Old Embassy</Text>
    <Text ID="LEVELNAME3">Night Call</Text>
    <Text ID="LEVELNAME4">Tread Carefully</Text>
    <Text ID="LEVELNAME5">255th Precinct</Text>
    <Text ID="LEVELNAME6">High Rise</Text>
    <Text ID="LEVELNAME7">The Warehouse</Text>
    <Text ID="LEVELNAME8">Office Day</Text>
    <Text ID="LEVELNAME9">Flashbang Junction</Text>
    <Text ID="LEVELNAME10">Cleanup</Text>
    <Text ID="LEVELNAME11">Meet Big Boss</Text>
    <Text ID="LEVELNAME12">Meeting Bart</Text>
    <Text ID="LEVELNAME13">Volatile Motel</Text>
    <Text ID="LEVELNAME14">Going Under</Text>
    <Text ID="LEVELNAME15">The Bunker</Text>
    <Text ID="LEVELNAME16">Midnight Folies</Text>
    <Text ID="LEVELNAME17">Mountain Hideout</Text>
    <Text ID="LEVELNAME18">Outpost</Text>
    <Text ID="LEVELNAME19">Bombs Away</Text>
    <Text ID="LEVELNAME20">The Block</Text>
    <Text ID="LEVELNAME21">Caught in a Maze</Text>
    <Text ID="LEVELNAME22">The Museum</Text>
    <Text ID="LEVELNAME23">The Yard</Text>
    <Text ID="LEVELNAME24">Frankie the Fanatic</Text>
    <Text ID="LEVELNAME25">Crisis at McDonuts</Text>
    <Text ID="LEVELNAME26">Metro Madness</Text>
    <Text ID="LEVELNAME27">Доставка бандеро-смузі</Text>
    <Text ID="LEVELNAME28">Vertigo</Text>
    <Text ID="LEVELNAME29">Water Works, Inc.</Text>
    <Text ID="LEVELNAME30">Cold Exposure</Text>
    <Text ID="LEVELNAME31">Hipster Beer Factory</Text>
    <Text ID="LEVELNAME32">Climbing the Shaft</Text>
    <Text ID="LEVELNAME33">Laboratory Crisis</Text>
    <Text ID="LEVELNAME34">Raid on Plaza</Text>
    <Text ID="LEVELNAME35">Doomsday Train</Text>
    <Text ID="LEVELNAME36">Bank Heist</Text>
    <Text ID="LEVELNAME37">Queen's Cross</Text>
    <Text ID="LEVELNAME38">Fibonacci</Text>
    <Text ID="LEVELNAME39">On the Anvil</Text>
    <Text ID="LEVELNAME40">Secret Stronghold</Text>
    <Text ID="LEVELNAME41">Caneville</Text>
    <Text ID="LEVELNAME42">On Vacation</Text>
    <Text ID="LEVELNAME43">Whine and Dine</Text>
    <Text ID="LEVELNAME44">Lights Out</Text>
    <Text ID="LEVELNAME45">To the Airport</Text>
    <Text ID="LEVELNAME46">Around the Clock</Text>
    <Text ID="LEVELNAME47">The Great Batsby</Text>
    <Text ID="LEVELNAME48">I am the Captain Now</Text>
    <Text ID="LEVELNAME49">Reservoir Docks</Text>
    <Text ID="LEVELNAME50">Dusty Neighbours</Text>
    <Text ID="LEVELNAME51">The Shiny</Text>
    <Text ID="LEVELNAME52">El Quarantino</Text>
    <Text ID="LEVELNAME53">Joint Block</Text>
    <Text ID="LEVELNAME54">Sky Scratchers</Text>
    <Text ID="LEVELNAME55">NCtv Cribs</Text>
    <Text ID="LEVELNAME56">Tinytanic</Text>
    <Text ID="LEVELNAME57">Flying High</Text>
    <Text ID="LEVELNAME58">Word on the Street</Text>
    <Text ID="LEVELNAME59">The Crib</Text>
    <Text ID="LEVELNAME60">Fixer Upper</Text>
    <Text ID="LEVELNAME61">Snitches Galore</Text>
    <Text ID="LEVELNAME62">Graveyard Surprise</Text>
    <Text ID="LEVELNAME63">Long Way Down</Text>
    <Text ID="LEVELNAME64">Terror from the Terrace</Text>
    <Text ID="LEVELNAME65">Hard Core</Text>
    <Text ID="LEVELNAME66">It's Raining Men</Text>
    <Text ID="LEVELNAME67">Pool Party Crashers</Text>
    <Text ID="LEVELNAME68">Downstairs Cage</Text>
    <Text ID="LEVELNAME69">Crates and Bombs</Text>
    <Text ID="LEVELNAME70">The Express</Text>
    <Text ID="LEVELNAME71">Consulate Crisis</Text>
    <Text ID="LEVELNAME72">Stoners Paradise</Text>
    <Text ID="LEVELNAME73">Peace and Quiet</Text>
    <Text ID="LEVELNAME74">High as a Kite</Text>
    <Text ID="LEVELNAME75">Living on the Ledge</Text>
    <Text ID="LEVELNAME76">Cutting Edge</Text>
    <Text ID="LEVELNAME77">Earthworm Ben</Text>
    <Text ID="LEVELNAME78">Switch and Destroy</Text>
    <Text ID="LEVELNAME79">Home Box Office</Text>
    <Text ID="LEVELNAME80">Leap of Faith</Text>
    <Text ID="LEVELNAME81">Under Pressure</Text>
    <Text ID="LEVELNAME82">Monty Hall</Text>
    <Text ID="LEVELNAME83">No Excuse</Text>
    <Text ID="LEVELNAME84">Abandoned Mines</Text>
    <Text ID="LEVELNAME85">Fare Well</Text>
    <Text ID="LEVELNAME86">Wrong Way</Text>
    <Text ID="LEVELNAME87">The Serai Abduction</Text>
    <Text ID="LEVELNAME88">Get Out</Text>
    <Text ID="LEVELNAME89">Out of Time</Text>
    <Text ID="LEVELNAME90">Airborne Menace</Text>
    <Text ID="LEVELNAME91">Queen of her Castle</Text>
    <Text ID="LEVELNAME92">Sunken Stronghold</Text>
    <Text ID="LEVELNAME93">Burj Al Tarab</Text>
    <Text ID="LEVELNAME94">Underground Threat</Text>
    <Text ID="LEVELNAME95">Castle Summit</Text>
    <Text ID="LEVELNAME96">Coming Soon</Text>
    <Text ID="LEVELNAME97">Coming Soon</Text>
    <Text ID="LEVELNAME98">Coming Soon</Text>
    <Text ID="LEVELNAME99">Coming Soon</Text>
    <Text ID="LEVELNAME100">Coming Soon</Text>
    <Text ID="LEVELNAME101">Coming Soon</Text>
    <Text ID="LEVELNAME102">Coming Soon</Text>
    <Text ID="LEVELNAME103">Coming Soon</Text>
    <Text ID="LEVELNAME104">Coming Soon</Text>
    <Text ID="LEVELNAME105">Coming Soon</Text>
    <Text ID="LEVELNAME106">Coming Soon</Text>
    <Text ID="LEVELNAME107">Coming Soon</Text>
    <Text ID="BAR_NO_IMPROVEMENT">Нічого не дає</Text>
    <Text ID="BAR_S1_LOGISTICS">Increase Strategic Points Gain Rate</Text>
    <Text ID="BAR_S2_PHYSICAL">Підвищує здоров'я персонажу</Text>
    <Text ID="BAR_A1_ACCURACY">Підвищує базову точність стрільби</Text>
    <Text ID="BAR_A2_RECOIL">Понизує віддачу</Text>
    <Text ID="BAR_B1_RECOIL">Підвищує швидкострільність помпових дробовиків</Text>
    <Text ID="BAR_B2_RELOAD">Підвищує швидкість перезаряджання</Text>
    <Text ID="BAR_S1_HANDGUN">Підвищує базову точність стрільби</Text>
    <Text ID="BAR_S2_SHIELD_USE">Підвищує міцність щита</Text>
    <Text ID="BAR_R1_GUNPLAY">Підвищує базову точність стрільби</Text>
    <Text ID="BAR_R2_RECON">Підвищує бонусну шкоду по підсвіченим ворогам</Text>
    <Text ID="BAR_F1_HANDGUN">Підвищує базову точність стрільби</Text>
    <Text ID="BAR_F2_MELEE">Підвищує шкоду в ближньому бою</Text>
    <Text ID="PERK_DOUBLE_GEAR">Double Gear
Deployable Gear boxes now hold double ordonance.</Text>
    <Text ID="PERK_EXTRA_SP_SLOTS">Strategic Reserve
Your Strategic Bar gains 2 extra points.</Text>
    <Text ID="PERK_NOMEX_SUITS">Nomex Suits
Receive reduced damage from flame weapons and fire.</Text>
    <Text ID="PERK_DOUBLE_MEDIKITS">Double Medkits
Each medkit can now be used twice.</Text>
    <Text ID="PERK_MELEE_DEFENSE">Melee Defense
Melee damage from the front reduced by 20%.</Text>
    <Text ID="PERK_SPEED_IS_LIFE">Speed is Life
Increase your movement speed by 20%.</Text>
    <Text ID="PERK_MULE">Mule
You get 1 extra piece of the gear selected at mission start.</Text>
    <Text ID="PERK_DIE_HARD">Die Hard
When close to death your damage intake is lowered.</Text>
    <Text ID="PERK_QUICK_AIM">Quick Aim
Your Aimed Shot ability now fires faster.</Text>
    <Text ID="PERK_CRITICAL_SHOTS">Critical Shots
Your regular attack has a 5% chance to land 33% extra damage.</Text>
    <Text ID="PERK_SUREFOOTED">Surefooted
Your Aimed Shot ability no longer stops you in your tracks.</Text>
    <Text ID="PERK_BARRICADE_SHOOTING">Barricade Shooting
You take advantage of cover positions to reduce recoil by 20%.</Text>
    <Text ID="PERK_STRONG_STANCE">Strong Stance
By leaning forward you reduce your first shot recoil by 70%.</Text>
    <Text ID="PERK_C_CLAMP">C-Clamp Grip
Your basic recoil recovery speed is increased by 35%.</Text>
    <Text ID="PERK_INTIMIDATING">Intimidating
Enemies surprised by you lose their cool and deal reduced damage for 2 seconds.</Text>
    <Text ID="PERK_DOUBLE_BANGERS">Twin-Bangers
Your Flashbangs now explode twice and deliver their stun effect quicker.</Text>
    <Text ID="PERK_ASSAULT_JUMP">Assault Jump
Landing on top of an enemy now deals him 15 damage.</Text>
    <Text ID="PERK_TWIN_SHOT">Fast Sweep
After any kill you load your next shot a bit faster.</Text>
    <Text ID="PERK_9_PELLET">9-pellet Buck
You switch the buckshot loads and deal increased damage.</Text>
    <Text ID="PERK_KILLING_SPREE">Killing Spree
After a kill you get a 25% increase in damage for your next shot.</Text>
    <Text ID="PERK_EXTENSION_TUBES">Extension Tubes
Add +1 ammo to all your tube-fed shotguns.</Text>
    <Text ID="PERK_RIFLED_SLUGS">Rifled Slugs
Make your Slug Shots fly straighter and more predictable.</Text>
    <Text ID="PERK_IMPROVED_SLUGS">Improved Slugs
Switch to heavier slugs that can literally tear through more enemies in one go.</Text>
    <Text ID="PERK_GORE_DEALER">Gore Dealer
Non-elite enemies have 50% chance to break off and flee when you gib someone.</Text>
    <Text ID="PERK_POINTMAN_ARMOR">Pointman Armor
Increase your armor by half, to help survive those pesky doors to the unknown.</Text>
    <Text ID="PERK_WEAK_SPOTTER">Weak Spotter
You learn to tackle armored foes and land some of your buckshot in their vulnerable bits.</Text>
    <Text ID="PERK_EXTENDED_MAGS">Extended Mags
Add +2 round capacity extensions to all pistol mags.</Text>
    <Text ID="PERK_SHIELD_BRACE">Shield-Brace
Rest your weapon on the shield top and reduce recoil by 40%.</Text>
    <Text ID="PERK_LADY_JUSTICE">Lady Justice
You take advantage of surprised enemies and always land critical hits on them.</Text>
    <Text ID="PERK_FORTIFIED">Fortified
Your shield takes half damage when you crouch down.</Text>
    <Text ID="PERK_ARMORED_RABBIT">Armored Rabbit
Condition up and get a 15% increase in movement speed.</Text>
    <Text ID="PERK_FIELD_FIXER">Field Fixer
Requesting Armor via Strategic Points now fixes more of your shield.</Text>
    <Text ID="PERK_DEVASTATOR">Devastator-ess
Your SMG now has 20% chance to land a critical hit.</Text>
    <Text ID="PERK_CADDYSHACK">Caddyshack
Double your gear load and carrying capacity.</Text>
    <Text ID="PERK_IRON_MAN">Iron Maid
The more damage you block with the shield, the scarier it looks to the poor blokes in front of it.</Text>
    <Text ID="PERK_CRIPPLING_SHOTS">Crippling Shots
Your shots have a 5% Chance to slow enemies down for a couple of seconds.</Text>
    <Text ID="PERK_SURGEON_PRECISION">Surgeon Precision
All your shots automatically crit on highlighted enemies.</Text>
    <Text ID="PERK_VULTURE">Vulture
When hitting enemies in the back you have 10% chance to land a critical shot. </Text>
    <Text ID="PERK_RESCUE_PLAN">Rescue Plan
Recon tools now also highlight hostages and help you avoid wounding them.</Text>
    <Text ID="PERK_DURACELLS">Duracells
Your Highlight now lasts 50% longer.</Text>
    <Text ID="PERK_DOUBLE_TOOLS">Double Tools
Double the amount of Recon tools you carry.</Text>
    <Text ID="PERK_CAUGHT_IN_THE_ACT">Caught in the Act
You become hidden when in cover position and undetected.</Text>
    <Text ID="PERK_STEADY_HAND">Steady Hand
Increase your recoil control when crouched.</Text>
    <Text ID="PERK_WEAVER_STANCE">Weaver Stance
Increase your recoil control in all stances.</Text>
    <Text ID="PERK_HOLLOW_POINTS">Hollow Points
Switch to expanding bullets and gain 25% damage with all firearms.</Text>
    <Text ID="PERK_COMBATIVES">Combatives
Learn to block and receives 40% less melee damage.</Text>
    <Text ID="PERK_LEG_DAY">Leg Day
Kick the doors down like the big boys - in 3 hits.</Text>
    <Text ID="PERK_FEDERAL_JUSTICE">Federal Justice
You learn to hit the soft spots and deal extra knife damage from the back.</Text>
    <Text ID="PERK_EVASION">Evasion Drills
Your roll now avoids 65% of incoming damage.</Text>
    <Text ID="PERK_BIG_BANGER">Big Banger
Get your breaches and nades from the Bureau depot - and gain 50% blast range.</Text>
    <Text ID="PERK_CHERRY_DARLING">Cherry Darling
Reduced recoil with the MP5 Kurz Ultimate</Text>
    <Text ID="PERK_HANDYMAN">Handyman
Your mag reloads take half a second less.</Text>
    <Text ID="PERK_INVISIBLE">Invisible
All enemies react half a second slower when detecting you.</Text>
    <Text ID="PERK_EXTENDED_MAGS_RECON">Extended Mags
Increase your mag capacity by 5 shots.</Text>
    <Text ID="PERK_CLEAR_TO_ENGAGE">Clear to Engage
Increased damage on highlighted enemies, if there are no hostages present.</Text>
    <Text ID="PERK_DISORIENTED">Disoriented
Your Rapid Fire ability now disorients enemies and deals increased knockback.</Text>
    <Text ID="STATUE_DMC">Mike D
"allmighty god-like entity
... but with bugs"</Text>
    <Text ID="STATUE_BLIND">Adrian
"(not really) blind artist"</Text>
    <Text ID="STATUE_ELIAS">Elias, God of Frost
"summons pixelated minions"</Text>
    <Text ID="STATUE_TOMCAT">Dan the Man
"shouldn't drink and pitch projects"</Text>
    <Text ID="STATUE_PINTEA">Pintea
"works on Door Kickers 2, really"</Text>
    <Text ID="STATUE_SICK">Sick
"dwarf-level skills at world building"</Text>
    <Text ID="STATUE_GAVIN">Gavin Proudsynth
"he came from the 80's"</Text>
    <Text ID="STATUE_ANDI">Andy Bee
"plays GO and trains pixels"</Text>
    <Text ID="LOL">LOL</Text>
    <Text ID="MOBILITY">Мобільніст</Text>
    <Text ID="STATUE_GEORGE">George
"Makes lotsa noise"</Text>
    <Text ID="MORE">Більше...</Text>
    <Text ID="VOICE_ACTING">Озвучування</Text>
    <Text ID="CREDITS_VOICE">Zachary P. Hill
Stephanos Rex
Tamara Ryan
Samantha Vega
Micah Blakeslee
Fletcher Armstrong
Elaine Cashmore
    </Text>
    <Text ID="CREDITS_VOICE2">Kelloggs VA
Walter Mack
George Vlad
Jenn Henry
Andy Mack
Josef Gagnier
    </Text>
    <Text ID="EA_RESET_PROGRESS">Thank you for supporting us during Early Access!
We recommend starting with a new profile. Using your old profile may lead to profile conflicts and unforeseen issues.
Reset your profile now?
    </Text>
    <Text ID="MOD_ENABLED">МОД УВІМКНЕНО</Text>
    <Text ID="MOD_ENABLED_WARNING">Ви можете грати в онлайн кооп ігри тільки з гравцями, у яких встановлений такий самий мод</Text>
    <Text ID="ABORT_MISSION">Припинити місію</Text>
    <Text ID="MISSION_ABORTED">Місія припинена!</Text>
    <Text ID="ABORT_MISSION_REQ_MSG">Гравець {%1} просить припинити місію</Text>
    <Text ID="SELECT_GAME_MODE">Виберіть режим гри</Text>
    <Text ID="CLASSIC_MODE">Класичний режим</Text>
    <Text ID="CLASSIC_MODE_DESC">Стандартна робота поліції</Text>
    <Text ID="WEEKLY_CHALLENGE">Випробування ч1</Text>
    <Text ID="WEEKLY_CHALLENGE_DESC">Місії, що створені, щоб перевірити ваші здібності</Text>
    <Text ID="ZOMBIE_INVASION">Вторгнення русні</Text>
    <Text ID="ZOMBIE_INVASION_DESC">...знову русня...</Text>
    <Text ID="WEEK1_TASK">Виграти за 3хв</Text>
    <Text ID="WEEK2_TASK1">Виграти за 4хв</Text>
    <Text ID="WEEK2_TASK2">Без снайперок</Text>
    <Text ID="WEEK4_TASK1">Без зцілення</Text>
    <Text ID="WEEK4_TASK2">Виграти за Щитовика</Text>
    <Text ID="WEEK5_TASK1">Виграти за Breacher</Text>
    <Text ID="WEEK6_TASK1">Виграти за Фергі</Text>
    <Text ID="WEEK7_TASK1">Виграти за Штурмовика</Text>
    <Text ID="WORKSHOP">Майстерня</Text>
    <Text ID="AVAILABLE_MODS">Доступні моди</Text>
    <Text ID="UPDATING_MODS">Оновлення модів...</Text>
    <Text ID="ON">ВМИК</Text>
    <Text ID="OFF">ВИМК</Text>
    <Text ID="ENABLED">Вмикнено</Text>
    <Text ID="PLEASE_HANG">Зачекайте секунду...</Text>
    <Text ID="MOD_CONFLICTING_MSG">Couldn't activate mod because it affects the same files as another activated mod!</Text>
    <Text ID="DOWNLOADED_LEVELS">Завантажені рівні</Text>
    <Text ID="CHANGE_DETECTED">ЗАФІКСОВАНІ ЗМІНИ</Text>
    <Text ID="CHANGE_DETECTED_WARNING">Ви можете грати в онлайн кооп тільки з гравцями, що мають такі ж зміни</Text>
    <Text ID="NO_DOWNLOADED_LEVELS">You have no downloaded content.
Get more levels from the Steam Workshop by subscribing to the items you want.</Text>
    <Text ID="NO_MODS_SUBSCRIBED">You have no Workshop items.
Get levels and mods from the Steam Workshop by subscribing to the items you want.</Text>
    <Text ID="FLOOR_X">Поверх {%1}</Text>
    <Text ID="FLOOR_X_VALUE">-</Text>
    <Text ID="VINFINITE_MODE">Безкінечна вежа</Text>
    <Text ID="VINFINITE_MODE_DESC">Randomly generated mayhem</Text>
    <Text ID="TUTORIAL_VINFINITE_TEXT">This is a Low Supplies Area.
Only Rescues earn Strategic Points.</Text>
    <Text ID="WEEK10_TASK1">Виграти за Розвідника</Text>
    <Text ID="WPN_SWAT_REVOLVER">Револьвер SWAT</Text>
    <Text ID="WPN_G18C_AUTO_PISTOL">Автоматичний пістолет G18C</Text>
    <Text ID="WPN_FBI_REVOLVER">Револьвер FBI</Text>
    <Text ID="WPN_MP7_PDW">MP7 PDW</Text>
    <Text ID="WPN_SIX12_REVO">Дробовик Six-12</Text>
    <Text ID="WPN_TRAPPER_RIFLE">Trapper
 Rifle</Text>
    <Text ID="WPN_TRICKED_OUT_AK">Tricked-Out AK</Text>
    <Text ID="WPN_HOME_DEFENSE_SHOTGUN">Мисливський дробовик</Text>
    <Text ID="WPN_TRUNK_CARBINE">Trunk
 Carbine</Text>
    <Text ID="ULTIMATE_M1_GARAND">Pop's Garand</Text>
    <Text ID="ULTIMATE_M1_GARAND_DESC">Break out the old heirloom with a full clip of vintage AP ammo.</Text>
    <Text ID="ULTIMATE_RECON_SIX12SD">Suppressed Shotgun</Text>
    <Text ID="ULTIMATE_RECON_SIX12SD_DESC">Shut down the party with a quiet shottie loaded with buck.</Text>
    <Text ID="ULTIMATE_HOMEMADE_PIE">Homemade Pie</Text>
    <Text ID="ULTIMATE_HOMEMADE_PIE_DESC">Wife made this. Restores health for the whole team. Or does it?</Text>
    <Text ID="GEAR_PISTOL1911_DESC">-7 rds of trusty .45ACP backup
-good to limit collateral damage.</Text>
    <Text ID="GEAR_TWINKIE">Year-old Twinkie</Text>
    <Text ID="GEAR_TWINKIE_DESC">- 5 seconds of invulnerability
- Not affected by team perks.</Text>
    <Text ID="FITNESS">Fitness</Text>
    <Text ID="GEAR_BAG">Gear Bag</Text>
    <Text ID="BAR_O1_ACCURACY">Increase Shooting Accuracy</Text>
    <Text ID="BAR_O2_MELEE">Decrease Melee Damage Intake</Text>
    <Text ID="PERK_SOFT_POINTS">Soft Points
20% Increased damage for all rifles.</Text>
    <Text ID="PERK_PLUSP_AMMO">+P Ammo
Extra powder gives your rifle bullets overpenetration. </Text>
    <Text ID="PERK_OPEN_SEASON">Open Season
All regular (non-aimed) shots have a 30% chance of generating Critical Hits</Text>
    <Text ID="PERK_REDHEAD">Once fought off a redhead
Increased Own Melee Pushback and Stun</Text>
    <Text ID="PERK_GRIZZLY">Once outran a grizzly
Movement Speed Increased by 10%</Text>
    <Text ID="PERK_LOCKED_OUT">Once got locked out in winter
You can now break doors down in two kicks. </Text>
    <Text ID="PERK_TWIXIE">Twixie
Double Use of the Twinkie Bar in One Mission.</Text>
    <Text ID="PERK_PLATES_UPGRADE">Plates Upgrade
Armor gets + 1 Protection Level</Text>
    <Text ID="PERK_GARAND_AP_AMMO">AP Ammo
Garand gets +1 Armor Penetration</Text>
    <Text ID="INVITE_FRIEND">Запросити друзів</Text>
    <Text ID="JOIN_GAME">Приєднатися до гри</Text>
    <Text ID="LOBBIES_LIST">Активні лоббі</Text>
    <Text ID="NO_LOBBIES">Лоббі не знайдено.</Text>
    <Text ID="LOBBIES_LIST_VAL">...</Text>
    <Text ID="REFRESH">Оновити</Text>
    <Text ID="YOUR_BEST_SCORE">Ваш найкращий результат:</Text>
    <Text ID="LEADERBOARDS_PLAYERSCORE_VAL">...</Text>
    <Text ID="PRESS_FIRE_TO_JOIN_NX">Натисніть L+R, щоб доєднатися!</Text>
    <Text ID="CONSOLE_PRESS_A">Натисніть A, щоб продовжити</Text>
    <Text ID="CONSOLE_PRESS_CONTINUE">Натисніть {%1}, щоб продовжити</Text>
    <Text ID="CONSOLE_TUTORIAL_INTERFACE_MAIN1">Remember to also use your Alt-Fire attack!
Forgot your controller setup? Just open the options menu and select Controller Layout.
Try it now!</Text>
    <Text ID="NX_NETWORK_CONNECTING">З'єднання з мережою</Text>
    <Text ID="NX_NETWORK_CONNECTING_TTL">Запуск мережі</Text>
    <Text ID="NX_COOP_LOCAL">Локальний кооп</Text>
    <Text ID="NX_COOP_ONLINE">Онлайн кооп</Text>
    <Text ID="NX_HOST_FRIENDS">Створити для друзів</Text>
    <Text ID="NX_JOIN_FRIENDS">Приєднатися до друзів</Text>
    <Text ID="NX_NEEDS_ACCOUNT">An account with Nintendo Switch Online is required to play online and view leaderboards.</Text>
    <Text ID="NX_NETWORK_ERROR">There was an error communicating with online services.</Text>
    <Text ID="XB1_CHANGE_PROFILE">Змінити профіль</Text>
    <Text ID="XB1_USERNAME">Нікнейм</Text>
    <Text ID="PS4_PRESS_X">Натисніть X, щоб продовжити</Text>
    <Text ID="NX_JUMP_LEADERBOARDS">Jump = Leaderboards</Text>
    <Text ID="XB1_SIGN_OUT_MESSAGE">A sign-in change has occured. Please sign back in or exit to the title screen.</Text>
    <Text ID="XB1_SIGN_IN">Sign-in</Text>
    <Text ID="CONSOLE_PORTING">Український переклад</Text>
    <Text ID="CREDITS_CONSOLE">Sickhead Games буба</Text>
    <Text ID="MOBILE_PORTING">Порт на телефони</Text>
    <Text ID="CREDITS_MOBILE">...</Text>
    <Text ID="QA">Переклад українською</Text>
    <Text ID="CREDITS_QA">Damglador</Text>
    <Text ID="BUSINESS">Бізнес</Text>
    <Text ID="CREDITS_BUSINESS">Andreea-Medvedovici Per</Text>
    <Text ID="SPECIAL_THANKS">Особлива подяка</Text>
    <Text ID="CREDITS_SPECIAL_THANKS">Oreste "Axi0s" Gamba
Adam "Wavuvi" Mildner</Text>
    <Text ID="LOBBY_WAS_FULL">Лоббі вже повне</Text>
    <Text ID="MOD_INCOMPATIBLE_MSG">Увага! Incompatible mod, needs to be updated by the author! You can but it may crash the game!</Text>
    <Text ID="BUY_DLC">Отримай це доповнення!</Text>
  </Texts>
</PSTexts>