﻿<?xml version="1.0" encoding="utf-8"?>
<LocaList>
  <Loca LangName="English" LangAlias="english" TextsFileName="strings.xml" />
  <Loca LangName="Українська" LangAlias="ukrainian" TextsFileName="strings_ukr.xml"/>
  <Loca LangName="Deutsch" LangAlias="german" TextsFileName="strings_de.xml" />
  <Loca LangName="Свинособача" LangAlias="russian" TextsFileName="strings_ru.xml" />
  <Loca LangName="Français" LangAlias="french" TextsFileName="strings_fr.xml" />
  <Loca LangName="Español" LangAlias="spanish" TextsFileName="strings_es.xml" />
  <Loca LangName="Português-Brasil" LangAlias="brazilian" TextsFileName="strings_ptbr.xml" />
  <Loca LangName="Português" LangAlias="portuguese" TextsFileName="strings_pt.xml" />
  <Loca LangName="Italiano" LangAlias="italian" TextsFileName="strings_it.xml" />
  <Loca LangName="简体中文" LangAlias="schinese" TextsFileName="strings_cn.xml" bUseTTFonts="true" />
  <Loca LangName="日本語" LangAlias="japanese" TextsFileName="strings_jp.xml" bUseTTFonts="true" />
  <Loca LangName="한국어" LangAlias="koreana" TextsFileName="strings_kr.xml" bUseTTFonts="true" />
</LocaList>

<!-- 
For LangAlias see steam API language codes in supported languages list here: 
https://partner.steamgames.com/doc/store/localization#supported_languages
-->